{
  "best_model": "logreg",
  "dataset_size": 1500,
  "train_size": 1050,
  "test_size": 450,
  "results": {
    "logreg": {
      "accuracy": 0.5577777777777778,
      "f1": 0.46648793565683644,
      "confusion_matrix": [
        [
          164,
          86
        ],
        [
          113,
          87
        ]
      ],
      "classification_report": {
        "0": {
          "precision": 0.592057761732852,
          "recall": 0.656,
          "f1-score": 0.6223908918406073,
          "support": 250.0
        },
        "1": {
          "precision": 0.5028901734104047,
          "recall": 0.435,
          "f1-score": 0.46648793565683644,
          "support": 200.0
        },
        "accuracy": 0.5577777777777778,
        "macro avg": {
          "precision": 0.5474739675716283,
          "recall": 0.5455,
          "f1-score": 0.5444394137487218,
          "support": 450.0
        },
        "weighted avg": {
          "precision": 0.552427722478431,
          "recall": 0.5577777777777778,
          "f1-score": 0.5531006890922646,
          "support": 450.0
        }
      }
    },
    "random_forest": {
      "accuracy": 0.5711111111111111,
      "f1": 0.4306784660766962,
      "confusion_matrix": [
        [
          184,
          66
        ],
        [
          127,
          73
        ]
      ],
      "classification_report": {
        "0": {
          "precision": 0.5916398713826366,
          "recall": 0.736,
          "f1-score": 0.6559714795008913,
          "support": 250.0
        },
        "1": {
          "precision": 0.5251798561151079,
          "recall": 0.365,
          "f1-score": 0.4306784660766962,
          "support": 200.0
        },
        "accuracy": 0.5711111111111111,
        "macro avg": {
          "precision": 0.5584098637488722,
          "recall": 0.5505,
          "f1-score": 0.5433249727887938,
          "support": 450.0
        },
        "weighted avg": {
          "precision": 0.5621020868192905,
          "recall": 0.5711111111111111,
          "f1-score": 0.5558412513123602,
          "support": 450.0
        }
      }
    }
  }
}