{
  "best_model": "logreg",
  "results": {
    "logreg": {
      "accuracy": 0.52,
      "f1": 0.4098360655737705,
      "confusion_matrix": [
        [
          106,
          61
        ],
        [
          83,
          50
        ]
      ],
      "classification_report": {
        "0": {
          "precision": 0.5608465608465608,
          "recall": 0.6347305389221557,
          "f1-score": 0.5955056179775281,
          "support": 167.0
        },
        "1": {
          "precision": 0.45045045045045046,
          "recall": 0.37593984962406013,
          "f1-score": 0.4098360655737705,
          "support": 133.0
        },
        "accuracy": 0.52,
        "macro avg": {
          "precision": 0.5056485056485056,
          "recall": 0.5053351942731079,
          "f1-score": 0.5026708417756494,
          "support": 300.0
        },
        "weighted avg": {
          "precision": 0.5119042852376186,
          "recall": 0.52,
          "f1-score": 0.5131921164118622,
          "support": 300.0
        }
      }
    },
    "rf": {
      "accuracy": 0.5166666666666667,
      "f1": 0.36123348017621143,
      "confusion_matrix": [
        [
          114,
          53
        ],
        [
          92,
          41
        ]
      ],
      "classification_report": {
        "0": {
          "precision": 0.5533980582524272,
          "recall": 0.6826347305389222,
          "f1-score": 0.6112600536193029,
          "support": 167.0
        },
        "1": {
          "precision": 0.43617021276595747,
          "recall": 0.3082706766917293,
          "f1-score": 0.36123348017621143,
          "support": 133.0
        },
        "accuracy": 0.5166666666666667,
        "macro avg": {
          "precision": 0.4947841355091923,
          "recall": 0.4954527036153258,
          "f1-score": 0.48624676689775714,
          "support": 300.0
        },
        "weighted avg": {
          "precision": 0.5014270467534256,
          "recall": 0.5166666666666667,
          "f1-score": 0.5004149393928656,
          "support": 300.0
        }
      }
    }
  }
}