{
  "best_model": "logistic_regression",
  "logistic_regression": {
    "accuracy": 0.52,
    "f1": 0.4098360655737705,
    "confusion_matrix": [
      [
        106,
        61
      ],
      [
        83,
        50
      ]
    ],
    "classification_report": {
      "0": {
        "precision": 0.5608465608465608,
        "recall": 0.6347305389221557,
        "f1-score": 0.5955056179775281,
        "support": 167.0
      },
      "1": {
        "precision": 0.45045045045045046,
        "recall": 0.37593984962406013,
        "f1-score": 0.4098360655737705,
        "support": 133.0
      },
      "accuracy": 0.52,
      "macro avg": {
        "precision": 0.5056485056485056,
        "recall": 0.5053351942731079,
        "f1-score": 0.5026708417756494,
        "support": 300.0
      },
      "weighted avg": {
        "precision": 0.5119042852376186,
        "recall": 0.52,
        "f1-score": 0.5131921164118622,
        "support": 300.0
      }
    }
  },
  "random_forest": {
    "accuracy": 0.5233333333333333,
    "f1": 0.3470319634703196,
    "confusion_matrix": [
      [
        119,
        48
      ],
      [
        95,
        38
      ]
    ],
    "classification_report": {
      "0": {
        "precision": 0.5560747663551402,
        "recall": 0.7125748502994012,
        "f1-score": 0.6246719160104987,
        "support": 167.0
      },
      "1": {
        "precision": 0.4418604651162791,
        "recall": 0.2857142857142857,
        "f1-score": 0.3470319634703196,
        "support": 133.0
      },
      "accuracy": 0.5233333333333333,
      "macro avg": {
        "precision": 0.49896761573570964,
        "recall": 0.4991445680068434,
        "f1-score": 0.48585193974040913,
        "support": 300.0
      },
      "weighted avg": {
        "precision": 0.5054397594725784,
        "recall": 0.5233333333333333,
        "f1-score": 0.5015848703843526,
        "support": 300.0
      }
    }
  },
  "train_size": 1200,
  "test_size": 300,
  "dataset_size": 1500
}